CREATE SEQUENCE AYNI.SEQ_CURSO START WITH 10 MAXVALUE 999999999999999999999999999 MINVALUE 1 NOCYCLE NOCACHE NOORDER;
CREATE SEQUENCE AYNI.SEQ_DETALLE_MATRICULA START WITH 10 MAXVALUE 999999999999999999999999999 MINVALUE 1 NOCYCLE NOCACHE NOORDER;
CREATE SEQUENCE AYNI.SEQ_ESTUDIANTE START WITH 10 MAXVALUE 999999999999999999999999999 MINVALUE 1 NOCYCLE NOCACHE NOORDER;
CREATE SEQUENCE AYNI.SEQ_MATRICULA START WITH 10 MAXVALUE 999999999999999999999999999 MINVALUE 1 NOCYCLE NOCACHE NOORDER;


Insert into estudiante (ID_ESTUDIANTE_PK,APELLIDOS,DNI,EDAD,NOMBRES) values ('2','Campos','8889525','45','Hade');
Insert into estudiante (ID_ESTUDIANTE_PK,APELLIDOS,DNI,EDAD,NOMBRES) values ('3','Torrez','1254878','29','Jose');
Insert into estudiante (ID_ESTUDIANTE_PK,APELLIDOS,DNI,EDAD,NOMBRES) values ('4','Fuentes','5896587','60','Pedro');
Insert into estudiante (ID_ESTUDIANTE_PK,APELLIDOS,DNI,EDAD,NOMBRES) values ('1','Quiñajo','6967776','15','Edson');

Insert into curso (ID_CURSO_PK,ESTADO,NOMBRE,SIGLA) values ('2','1','Programación','PRO123');
Insert into curso (ID_CURSO_PK,ESTADO,NOMBRE,SIGLA) values ('3','1','Base de Datos','BDD123');

Insert into matricula (ID_MATRICULA_PK,ESTADO,FECHA_MATRICULA,ID_ESTUDIANTE_FK) values ('3','1',to_timestamp('31/03/23 17:39:14,750000000','DD/MM/RR HH24:MI:SSXFF'),'4');
Insert into matricula (ID_MATRICULA_PK,ESTADO,FECHA_MATRICULA,ID_ESTUDIANTE_FK) values ('100','1',to_timestamp('31/03/23 12:58:32,392000000','DD/MM/RR HH24:MI:SSXFF'),'1');
Insert into matricula (ID_MATRICULA_PK,ESTADO,FECHA_MATRICULA,ID_ESTUDIANTE_FK) values ('101','1',to_timestamp('31/03/23 12:59:54,855000000','DD/MM/RR HH24:MI:SSXFF'),'2');
Insert into matricula (ID_MATRICULA_PK,ESTADO,FECHA_MATRICULA,ID_ESTUDIANTE_FK) values ('102','1',to_timestamp('31/03/23 20:44:30,796000000','DD/MM/RR HH24:MI:SSXFF'),'3');


Insert into DETALLE_MATRICULA (ID_DETALLE_MATRICULA_PK,AULA,ID_CURSO_FK,ID_MATRICULA_FK) values ('4','PABELLON 3','3','3');
Insert into DETALLE_MATRICULA (ID_DETALLE_MATRICULA_PK,AULA,ID_CURSO_FK,ID_MATRICULA_FK) values ('100','SOTANO 1','2','100');
Insert into DETALLE_MATRICULA (ID_DETALLE_MATRICULA_PK,AULA,ID_CURSO_FK,ID_MATRICULA_FK) values ('102','SOTANO 2','2','101');
Insert into DETALLE_MATRICULA (ID_DETALLE_MATRICULA_PK,AULA,ID_CURSO_FK,ID_MATRICULA_FK) values ('103','PABELLON 2','3','102');
